教育,2017-11-01
童话,2017-11-01
小说,2017-11-01
科幻,2017-11-01
科幻,2017-11-01
小说,2017-11-01
小说,2017-11-01
教育,2017-11-01
哲学,2017-11-01
小说,2017-11-01
散文,2017-11-01
科幻,2017-11-01
散文,2017-11-01
童话,2017-11-01
童话,2017-11-01
小说,2017-11-01
经济,2017-11-01
小说,2017-11-01
童话,2017-11-01
科幻,2017-11-01
科幻,2017-11-02
科幻,2017-11-02
童话,2017-11-02
健康,2017-11-02
散文,2017-11-02
哲学,2017-11-02
散文,2017-11-02
美食,2017-11-02
美食,2017-11-02
散文,2017-11-02
散文,2017-11-03
哲学,2017-11-03
小说,2017-11-03
哲学,2017-11-03
小说,2017-11-03
科幻,2017-11-03
散文,2017-11-03
小说,2017-11-03
哲学,2017-11-03
经济,2017-11-03
童话,2017-11-03
科幻,2017-11-03
童话,2017-11-03
经济,2017-11-03
科幻,2017-11-03
美食,2017-11-03
哲学,2017-11-03
散文,2017-11-03
散文,2017-11-03
教育,2017-11-03
小说,2017-11-05
小说,2017-11-05
散文,2017-11-05
散文,2017-11-05
小说,2017-11-05
经济,2017-11-05
童话,2017-11-05
经济,2017-11-05
健康,2017-11-05
政治,2017-11-05
散文,2017-11-05
教育,2017-11-05
科幻,2017-11-05
经济,2017-11-05
小说,2017-11-05
美食,2017-11-05
美食,2017-11-05
童话,2017-11-05
经济,2017-11-05
美食,2017-11-05
小说,2017-11-10
政治,2017-11-10
哲学,2017-11-10
政治,2017-11-10
散文,2017-11-10
童话,2017-11-10
散文,2017-11-10
经济,2017-11-10
科幻,2017-11-10
小说,2017-11-10
哲学,2017-11-10
哲学,2017-11-10
散文,2017-11-10
散文,2017-11-10
教育,2017-11-10
散文,2017-11-10
科幻,2017-11-10
教育,2017-11-15
政治,2017-11-15
科幻,2017-11-15
健康,2017-11-15
童话,2017-11-15
经济,2017-11-15
小说,2017-11-15
健康,2017-11-15
童话,2017-11-15
散文,2017-11-15
小说,2017-11-15
科幻,2017-11-15
小说,2017-11-15
哲学,2017-11-15
科幻,2017-11-15
科幻,2017-11-15
科幻,2017-11-15
健康,2017-11-15
科幻,2017-11-15
教育,2017-11-16
哲学,2017-11-16
散文,2017-11-16
散文,2017-11-16
小说,2017-11-16
政治,2017-11-16
美食,2017-11-16
科幻,2017-11-16
教育,2017-11-16
经济,2017-11-16
散文,2017-11-16
散文,2017-11-16
童话,2017-11-16
教育,2017-11-16
童话,2017-11-16
美食,2017-11-16
教育,2017-11-28
哲学,2017-11-28
小说,2017-11-28
童话,2017-11-28
散文,2017-11-28
美食,2017-11-28
童话,2017-11-28
哲学,2017-11-28
散文,2017-11-28
经济,2017-11-28
哲学,2017-11-28
哲学,2017-11-28
美食,2017-11-28
散文,2017-11-28
政治,2017-11-28
散文,2017-12-03
教育,2017-12-03
健康,2017-12-03
散文,2017-12-03
小说,2017-12-03
小说,2017-12-03
童话,2017-12-03
散文,2017-12-03
经济,2017-12-03
健康,2017-12-03
散文,2017-12-03
经济,2017-12-15
哲学,2017-12-15
教育,2017-12-15
经济,2017-12-15
哲学,2017-12-15
散文,2017-12-15
童话,2017-12-15
科幻,2017-12-15
小说,2017-12-15
哲学,2017-12-15
童话,2017-12-15
童话,2017-12-22
小说,2017-12-22
教育,2017-12-22
散文,2017-12-22
科幻,2017-12-22
哲学,2017-12-22
散文,2017-12-31
哲学,2017-12-31
散文,2017-12-31
散文,2017-12-31
政治,2017-12-31
军事,2017-01-21
军事,2017-11-25
小说,2017-12-08
